program_name,provider,incentive_type,status,amount,eligibility,source_url,last_verified
Ontario Home Renovation Savings Program (HRS),Enbridge Gas,Rebate,Open,"Varies by equipment (up to $7,500 for heat pumps)","Ontario residents, replacing qualifying HVAC or adding insulation; no EnerGuide pre-assessment required",https://www.enbridgegas.com/ontario/rebates-energy-conservation/home-efficiency-rebate,2026-09-23
IESO Save on Energy – Retrofit Program,IESO,Incentive,Open,Up to 50% of eligible project costs,"Ontario businesses and institutional facilities, pre-approval required",https://saveonenergy.ca/For-Business-and-Industry/Programs-and-incentives/Retrofit-Program,2026-09-23
First Nations Community Building Retrofit Program (FNCBRP),IESO,Incentive,Open,"Up to $330,000","Ontario's grid-connected First Nations communities are eligible with a Band Council Resolution and band-owned, community-benefit facilities.",https://saveonenergy.ca/First-Nations-Energy-Programs/First-Nations-Community-Building-Retrofit-Program,2026-09-25
Savings by Design Affordable Housing,Enbridge Gas,Incentive,Open,"up to $120,000","You must be an affordable housing provider who has received financial assistance, in the past or present, from a government program aimed at creating new affordable housing.",https://www.enbridgegas.com/ontario/business-industrial/incentives-conservation/programs-and-incentives/new-construction/savings-by-design/affordable-housing,2026-09-25
Affordable Housing Multi-Residential Program,Enbridge Gas,Incentive,Open,"Up to $8,000 per building. Maximum limit of $40,000 per housing provider.","Eligible projects include HVAC audits, controls audits, steam trap audits, thermal surveys, facility air-balances, benchmarking activities and equipment upgrade analyses.",https://www.enbridgegas.com/ontario/business-industrial/incentives-conservation/programs-and-incentives/retrofits-custom-projects/affordable-multi-family-housing-program,2026-09-25
Home Energy Loan Program (HELP),Federation of Canadian Municipalities,Rebate,Open,"up to $125,000","Toronto low-rise property owners with clean tax histories and lender consent can get low-interest HELP loans, which can be combined with other energy rebates.",https://www.toronto.ca/services-payments/water-environment/environmental-grants-incentives/home-energy-loan-program-help/,2026-09-25
Eco-Roof Incentive Program,City of Toronto,Incentive,Open,"Up to $2 to $5/m2 for a cool roof (to a maximum of $50,000) or $100/m2 for a green roof (to a maximum of $100,000)","Grants are available to support the installation of green and cool roofs on residential homes. A green or cool roof can reduce a home's energy use, retain stormwater and more.",https://www.toronto.ca/services-payments/water-environment/environmental-grants-incentives/green-your-roof/,2026-09-25
Heat Pumps,Home Renovation Savings,Rebate,Open,"Up to $12,000","To qualify for a heat pump rebate, homeowners—including landlords—must occupy an existing detached, semi-detached, row, or mobile home and be an Enbridge Gas residential customer or connected to the Ontario electricity grid.",https://www.homerenovationsavings.ca/without-assessment/heat-pumps,2026-09-25
Rooftop Solar Panels and Battery Storage,Home Renovation Savings,Rebate,Open,"Up to $10,000",New installations only; replacement solar is not eligible for rebates. Solar panels must be sized solely for load displacement. Net metering is not permitted.,https://www.homerenovationsavings.ca/without-assessment/solar,2026-09-25
Electric Vehicle Affordability Program (EVAP),Transport Canada,Incentive,Open,"Up to $5,000","To qualify for the incentive, vehicles must be new, four-wheeled, highway-capable, under 8,500 pounds, bought or leased on or after February 16, 2026, and either capped at $50,000 or Canadian-made under a free-trade agreement.",https://tc.canada.ca/en/road-transportation/innovative-technologies/electric-vehicles/electric-vehicle-affordability-program/overview,2026-09-25
